,dis,rank
Cadm1,12898.80165729667,1
Hbb-y,45.34062282922258,2
Hba-x,39.321668835725426,3
Hba-a2,38.02099109837985,4
Hbb-bh1,35.84212919201175,5
Hba-a1,32.314719176839546,6
Meis1,31.49668606139636,7
Acvr2b,31.467111660186205,8
Rbp1,31.15421047948007,9
Bcl11a,22.072846854361142,10
